"0020735","0020736",285.593947152
"0020735","0020738",600.402272036
"0020736","0020649",1018.7518523
"0020736","0020737",266.257429935
"0020736","0020741",604.46582205
"0020737","0020650",1019.82209889
"0020737","0020743",602.215070931
"0020737","0020745",244.594462256
"0020738","0020740",161.543133028
"0020738","0020741",282.182291174
"0020740","0020742",137.939825578
"0020741","0020740",319.421167309
"0020741","0020743",266.39754686
"0020742","0020813",278.067082178
"0020743","0020744",248.183370731
"0020744","0020750",248.65131451
"0020744","0099075",318.84195799
"0020745","0020651",1020.2440703
"0020745","0020744",597.793982299
"0020745","0020746",244.332613292
"0020746","0020652",1020.08792438
"0020746","0020747",243.176104588
"0020746","0020750",531.157089497
"0020747","0020655",1019.21166476
"0020747","0020748",244.088498011
"0020747","0020830",450.782243453
"0020748","0020656",1020.14398261
"0020748","0020749",244.883423087
"0020748","0020831",373.741605154
"0020749","0020657",1020.19792143
"0020749","0020832",296.749864841
"0020749","0020844",257.263465237
"0020750","0020830",256.639991365
"0020750","0077944",461.917527893
"0020813","0020814",355.158550745
"0020813","0020821",289.314589107
"0020814","0020815",287.313822174
"0020815","0020825",264.890450415
"0020819","0020742",169.192886622
"0020820","0020815",517.246016352
"0020820","0099072",28.1387158446
"0020820","0099073",26.4274939608
"0020820","0102707",24.509141416
"0020821","0020819",80.5659659843
"0020821","0020820",51.7793125664
"0020822","0099070",19.351696408
"0020822","0099078",134.901476806
"0020823","0020824",242.364682589
"0020823","0099069",19.2460593461
"0020824","0020833",243.05931862
"0020824","0078694",16.7948545385
"0020825","0020827",244.612830679
"0020827","0020828",243.780794671
"0020828","0020829",243.879973327
"0020830","0020831",256.326447297
"0020830","0077945",540.155611648
"0020831","0020832",255.660375722
"0020831","0078460",618.844395461
"0020832","0020845",272.719808622
"0020832","0078376",704.917210588
"0020833","0020834",244.196435137
"0020833","0078695",22.8575880233
"0020834","0020836",247.286705179
"0020834","0077946",20.3413549789
"0020836","0020840",151.468974369
"0020840","0020841",106.486209532
"0020841","0020927",276.791970307
"0020841","0078642",23.2897905905
"0020843","0020929",392.776965138
"0020844","0020751",1019.79600399
"0020844","0020845",207.966387249
"0020844","0020846",279.23357619
"0020845","0069276",85.7821546457
"0020845","0077942",796.390083486
"0020846","0020752",1022.84477628
"0020846","0020848",151.156337221
"0020846","0020849",325.408788938
"0020846","0069275",86.2943449774
"0020847","0020849",340.065297081
"0020847","0063334",255.602234143
"0020848","0020850",134.147070873
"0020849","0020852",209.264427098
"0020849","0069272",124.586845253
"0020850","0021329",977.069208737
"0020850","0069272",95.218599869
"0020851","0021330",862.44324321
"0020851","0021373",281.787471623
"0020852","0020851",161.788543604
"0020852","0021376",263.446658615
"0020853","0063335",104.357713007
"0020853","0077943",530.63488963
"0020854","0020855",259.258635369
"0020854","0078818",503.014201456
"0020855","0020856",262.202083256
"0020855","0078817",495.929294274
"0020856","0021433",257.160877857
"0020856","0078839",494.567226296
"0020927","0020935",277.718621727
"0020927","0078815",18.8528958608
"0020929","0020931",279.360694105
"0020931","0020932",274.853371348
"0020932","0020939",257.946538072
"0020935","0020936",257.370516599
"0020935","0078684",20.795647804
"0020936","0020937",257.565332111
"0020936","0078063",19.9416551055
"0020937","0020938",257.594488855
"0020937","0078064",21.2364484297
"0020938","0021437",257.481386687
"0020938","0078632",21.9690471052
"0020939","0020940",258.981065762
"0020940","0020941",255.742508245
"0020941","0021007",259.231012652
"0021007","0021494",256.797728682
"0021253","0021254",255.940014809
"0021254","0021251",899.753971111
"0021254","0021333",257.779314267
"0021331","0021332",257.479703295
"0021332","0021254",900.705569748
"0021332","0021336",257.393695114
"0021333","0021252",900.337973526
"0021333","0021334",257.892240959
"0021334","0021255",899.537031088
"0021334","0021335",255.93325428
"0021335","0021256",899.527181287
"0021335","0021337",262.668500945
"0021336","0021333",899.957984714
"0021336","0021380",258.237321152
"0021337","0021257",898.294111454
"0021337","0021338",252.062236564
"0021338","0021339",256.222522486
"0021339","0021260",900.287909513
"0021339","0021340",279.890749507
"0021340","0021341",900.347696978
"0021340","0021344",278.164016689
"0021344","0021342",900.561758916
"0021344","0021396",257.216602487
"0021373","0021331",761.339987224
"0021373","0021374",271.491743918
"0021374","0021332",665.643067209
"0021374","0021375",277.223864341
"0021375","0021336",566.329418625
"0021375","0021384",275.918198856
"0021376","0020856",506.837715137
"0021376","0021373",259.04867743
"0021376","0021377",255.924370873
"0021377","0021374",354.49827571
"0021377","0021378",256.568969273
"0021377","0021433",507.218324435
"0021378","0021375",453.64541441
"0021378","0021379",258.127924439
"0021378","0021434",507.358748206
"0021379","0021384",553.067570707
"0021379","0021435",507.295564596
"0021379","0021440",258.450551046
"0021380","0021334",899.883320921
"0021380","0021381",257.191998105
"0021381","0021335",900.376763093
"0021381","0021382",257.741220084
"0021382","0021337",901.027326632
"0021382","0021383",257.656426857
"0021383","0021338",901.069645458
"0021383","0021389",261.821370779
"0021384","0021380",467.766103338
"0021384","0021385",276.712106628
"0021385","0021381",368.296485516
"0021385","0021386",275.181426661
"0021386","0021382",272.271629859
"0021386","0021387",276.744284949
"0021387","0021383",169.770706106
"0021387","0021388",270.242875599
"0021388","0021389",78.7953498383
"0021388","0021390",171.362062346
"0021389","0021339",895.087435717
"0021389","0021390",149.600390366
"0021390","0021391",133.074519221
"0021390","0021392",115.438958828
"0021391","0021340",851.533859705
"0021391","0021393",296.796701738
"0021392","0021391",53.0129573391
"0021392","0021394",282.089366963
"0021393","0021344",746.908099712
"0021393","0021399",278.856045099
"0021394","0021393",154.551824143
"0021394","0021395",260.421737271
"0021395","0021399",252.184884504
"0021395","0021452",257.551991261
"0021396","0021343",897.889740846
"0021396","0021397",256.462301942
"0021397","0021345",898.309878797
"0021397","0021398",259.3522201
"0021398","0021346",899.87940771
"0021398","0021403",256.054131763
"0021399","0021396",648.551077893
"0021399","0021400",272.833955042
"0021400","0021397",554.744141327
"0021400","0021401",271.882324983
"0021401","0021398",468.004298367
"0021401","0021402",267.390131574
"0021402","0021403",394.677477977
"0021402","0021406",266.346354979
"0021403","0021347",900.458925376
"0021403","0021404",256.932940674
"0021404","0021348",899.035236633
"0021404","0021405",258.511011597
"0021405","0021349",896.697195477
"0021405","0021407",278.116903645
"0021406","0021404",324.858857914
"0021406","0021408",268.550134251
"0021407","0021409",900.139748589
"0021407","0021457",280.70504886
"0021408","0021405",255.39914063
"0021408","0021456",289.221540563
"0021413","0021411",532.392101539
"0021413","0021414",261.266271015
"0021414","0021412",532.24952701
"0021433","0021434",257.790848435
"0021433","0078841",496.558266871
"0021434","0021435",257.9504771
"0021434","0078840",493.926545623
"0021435","0021436",257.261250815
"0021435","0077895",493.595518889
"0021436","0021444",256.820134068
"0021436","0077894",494.190951205
"0021437","0021438",257.459630822
"0021437","0078881",20.628415406
"0021438","0021439",257.26880882
"0021438","0078630",21.3408877813
"0021439","0021492",257.682897757
"0021439","0078631",19.4833138458
"0021440","0021385",652.298442799
"0021440","0021436",507.403858577
"0021440","0021441",255.602366654
"0021441","0021386",747.726942879
"0021441","0021442",257.234494968
"0021441","0021444",507.924351755
"0021442","0021387",850.479833275
"0021442","0021443",258.266887174
"0021442","0021446",506.612575768
"0021443","0021388",945.950720261
"0021443","0021445",277.317771316
"0021443","0021447",507.009866969
"0021444","0021446",256.893379859
"0021444","0078604",494.659242987
"0021445","0021392",1015.59680438
"0021445","0021448",507.816625773
"0021445","0021449",276.427452858
"0021446","0021447",258.246561261
"0021446","0021493",512.38169066
"0021447","0021448",277.833050986
"0021447","0021502",511.176138537
"0021448","0021501",277.710912894
"0021449","0021394",1018.05237022
"0021449","0021450",259.201839034
"0021449","0021501",507.224786476
"0021450","0021395",1022.218824
"0021450","0021451",257.14609784
"0021450","0021508",506.044074855
"0021451","0021452",1021.37527523
"0021451","0021507",257.00947989
"0021451","0021509",507.159783927
"0021452","0021400",345.615428223
"0021452","0021453",257.370578554
"0021453","0021401",432.15124716
"0021453","0021454",258.618268549
"0021454","0021402",506.43544665
"0021454","0021455",256.953692507
"0021455","0021406",576.381165374
"0021455","0021459",258.606674713
"0021456","0021407",172.15800758
"0021457","0021410",899.265718654
"0021457","0021463",260.143977635
"0021458","0021457",96.1405747507
"0021459","0021408",646.598685358
"0021459","0021460",276.187614341
"0021460","0021456",724.750800118
"0021460","0021461",281.11241526
"0021461","0021458",801.401516563
"0021461","0021462",260.097947039
"0021462","0021464",840.153872128
"0021462","0021521",262.308728286
"0021463","0021413",363.774714115
"0021463","0021465",249.545662189
"0021464","0021463",61.397369039
"0021465","0021414",368.83958958
"0021465","0021467",278.530951741
"0021466","0021416",826.140856901
"0021467","0021466",74.5029781704
"0021467","0021469",257.162121961
"0021468","0021417",761.383580052
"0021468","0021470",269.789081027
"0021469","0021468",137.763320555
"0021469","0021472",264.502460127
"0021470","0021418",699.658051621
"0021470","0021471",261.94574845
"0021471","0021419",664.668220604
"0021471","0021473",263.064102567
"0021472","0021470",200.034357667
"0021472","0021474",255.702112037
"0021473","0021475",261.283569189
"0021473","0021477",650.86163426
"0021474","0021471",233.824983755
"0021474","0021476",265.585773936
"0021475","0021478",639.115877287
"0021475","0021482",260.628963156
"0021476","0021473",248.836082835
"0021476","0021530",260.319826526
"0021482","0021479",626.71780402
"0021482","0021534",263.678296032
"0021492","0078204",22.2981829476
"0021492","0103244",227.244297375
"0021493","0021497",513.096323739
"0021493","0021502",257.277974532
"0021494","0021495",256.98174516
"0021495","0021496",257.053109907
"0021496","0021497",257.257858323
"0021497","0021498",257.058003282
"0021498","0021506",278.662600779
"0021501","0021508",257.049736358
"0021502","0021498",514.079100967
"0021502","0087351",33.2668106434
"0021502","0103245",42.0451842139
"0021502","0103246",43.340364178
"0021507","0021453",1020.77948241
"0021507","0021510",507.37570598
"0021507","0021514",257.348225352
"0021508","0021509",257.811817597
"0021509","0021510",256.146412368
"0021510","0021511",258.825220997
"0021511","0021518",257.359697686
"0021514","0021454",1018.50589937
"0021514","0021511",506.810057668
"0021514","0021515",258.286043648
"0021515","0021455",1020.26239172
"0021515","0021516",257.103434263
"0021515","0021518",507.349250184
"0021516","0021517",277.639875166
"0021516","0021519",507.282712525
"0021517","0021460",1023.20421388
"0021517","0021520",507.972578335
"0021517","0021522",280.732037776
"0021518","0021519",257.928680972
"0021518","0078290",479.575432391
"0021519","0021520",274.937150377
"0021519","0078289",473.500094608
"0021520","0022491",284.251225393
"0021520","0022492",290.127287549
"0021521","0021465",897.764747126
"0021521","0021525",257.689955609
"0021522","0021461",1022.86341196
"0021522","0021523",261.69918253
"0021522","0022491",509.870263153
"0021523","0021462",1022.84366454
"0021523","0021524",259.22669089
"0021523","0022505",509.311804564
"0021524","0021521",1023.72918265
"0021524","0022503",261.438651263
"0021524","0022506",509.155778574
"0021525","0021467",897.920032024
"0021525","0021526",263.956531628
"0021526","0021469",898.417322148
"0021526","0021527",259.677087427
"0021527","0021472",897.646322687
"0021527","0021528",260.430597608
"0021528","0021474",898.761605528
"0021528","0021531",261.984392711
"0021529","0021527",626.489592604
"0021529","0022516",259.61380332
"0021530","0021475",260.177670744
"0021530","0021535",260.346764964
"0021531","0021476",898.347204079
"0021531","0021532",260.355639003
"0021532","0021530",897.862656296
"0021532","0021533",260.401321003
"0021533","0021535",898.493273059
"0021533","0022523",259.479550744
"0021534","0021480",606.333669773
"0021534","0021536",261.94516689
"0021535","0021482",273.637864624
"0021535","0021538",260.565169623
"0021536","0021481",573.108861391
"0021536","0021537",264.846494285
"0021537","0021484",510.013612577
"0021537","0021544",271.747161282
"0021538","0021534",293.754148865
"0021538","0021539",261.331625509
"0021539","0021536",328.611539915
"0021539","0021540",261.032390103
"0021540","0021537",389.588262368
"0021540","0021541",258.637295588
"0021541","0021544",462.732103773
"0021541","0021549",281.990845415
"0021544","0021485",437.287250953
"0021544","0021545",303.937860137
"0021545","0021486",325.161515091
"0021545","0021546",301.489437401
"0021546","0021542",211.747478118
"0021546","0021547",196.628797497
"0021547","0021543",150.274687426
"0021548","0021547",104.280316622
"0021549","0021545",574.235968546
"0021549","0021550",281.548545587
"0021550","0021546",687.543115532
"0021550","0022532",279.132386616
"0022485","0078311",39.2050311984
"0022485","0087364",29.7524267206
"0022488","0022489",257.663156049
"0022489","0022500",277.549784477
"0022491","0022495",287.535862063
"0022491","0022505",258.092064263
"0022492","0022495",283.830034473
"0022492","0078924",184.028426332
"0022493","0022496",275.219562488
"0022493","0078312",42.8340640342
"0022494","0022508",695.042430696
"0022495","0022499",256.574457466
"0022496","0066038",79.0733745387
"0022496","0078622",42.1951470498
"0022497","0022501",692.661294404
"0022498","0022500",334.837595226
"0022498","0022502",803.3697657
"0022499","0022509",262.88269825
"0022500","0022576",280.874710025
"0022501","0022513",171.217926509
"0022501","0078140",35.8790745693
"0022502","0022578",333.843498755
"0022503","0021525",1022.40362231
"0022503","0022504",260.127105717
"0022503","0022507",509.001553889
"0022504","0021526",1023.71931401
"0022504","0022510",508.029050374
"0022504","0022518",260.960611803
"0022505","0022499",285.623118346
"0022505","0022506",261.756518793
"0022506","0022507",260.944289209
"0022506","0022509",285.473206678
"0022507","0022510",260.628551594
"0022507","0022511",285.593618004
"0022508","0022513",173.014868207
"0022508","0084205",29.1533195082
"0022509","0022511",260.876173508
"0022509","0084205",48.9518214624
"0022510","0022512",260.829906033
"0022510","0022514",285.518955853
"0022511","0022514",260.654728902
"0022511","0078853",195.420337442
"0022512","0022522",261.014408596
"0022512","0078115",480.606275735
"0022513","0078140",152.571434345
"0022513","0102824",54.2302716097
"0022514","0078401",194.525703015
"0022515","0022586",260.618578946
"0022515","0078386",33.9659352396
"0022516","0021528",625.641903856
"0022516","0022517",262.307654782
"0022517","0021531",626.168519253
"0022517","0022524",260.972786434
"0022518","0021529",395.31582109
"0022518","0022512",510.540733271
"0022518","0022519",261.746651331
"0022519","0022516",397.305867057
"0022519","0022520",260.691918739
"0022519","0022522",509.966504954
"0022520","0022517",395.864567029
"0022520","0022521",260.9230881
"0022520","0022593",509.677781132
"0022521","0022524",394.082247944
"0022521","0022525",259.447710219
"0022521","0022594",509.937194324
"0022522","0022593",260.990380636
"0022522","0078116",477.258026641
"0022523","0021538",898.922769929
"0022523","0022527",260.461115796
"0022524","0021532",628.075103597
"0022525","0021533",1021.8190433
"0022525","0022526",262.906545697
"0022525","0022595",508.830493275
"0022526","0022523",1020.77084265
"0022526","0022600",259.320307124
"0022526","0022602",509.203222394
"0022527","0021539",897.769488893
"0022527","0022528",262.196299291
"0022528","0021540",900.127446377
"0022528","0022529",258.568367255
"0022529","0021541",900.334463259
"0022529","0022530",282.149761601
"0022530","0021549",899.288161761
"0022530","0022531",280.355647963
"0022531","0021550",900.599806345
"0022531","0022537",279.524881861
"0022532","0021548",723.403516331
"0022537","0022532",900.928906053
"0022576","0022577",260.383412536
"0022577","0022578",260.468191869
"0022578","0022580",261.201130804
"0022580","0022589",260.392139861
"0022585","0022580",323.164178661
"0022586","0022587",260.186199005
"0022586","0077975",33.5817152454
"0022587","0022588",261.824829507
"0022587","0077976",31.4618182349
"0022588","0022596",260.024095976
"0022588","0078886",35.0895967994
"0022589","0022590",260.669302863
"0022590","0022591",261.037706919
"0022591","0022592",261.221073986
"0022592","0022678",261.025595658
"0022593","0022594",261.355278308
"0022593","0078265",479.797977999
"0022594","0022595",260.637026889
"0022594","0078266",479.347470347
"0022595","0022602",260.841113998
"0022595","0078548",479.358078939
"0022596","0022597",261.797402821
"0022596","0078825",33.3367179915
"0022597","0022598",259.740102047
"0022597","0078035",33.5930727594
"0022598","0022599",261.274292432
"0022598","0078036",32.2917317572
"0022599","0022606",259.528278349
"0022599","0078267",32.7329482319
"0022600","0022527",1021.67905332
"0022600","0022601",261.53633067
"0022600","0022603",508.90231288
"0022601","0022528",1020.91742595
"0022601","0022604",508.923496988
"0022601","0022607",260.855010949
"0022602","0022603",260.397870554
"0022602","0077916",479.958950884
"0022603","0022604",260.441686146
"0022603","0077917",477.664066744
"0022604","0022605",260.606681696
"0022604","0078810",478.272154054
"0022605","0022614",280.736674848
"0022605","0078341",479.533321751
"0022606","0022686",262.96687668
"0022606","0077871",32.0627632709
"0022607","0022529",1020.96023861
"0022607","0022605",508.712487696
"0022607","0022608",280.330535493
"0022608","0022530",1022.01852758
"0022608","0022611",288.193189539
"0022608","0022614",509.05325094
"0022609","0022531",818.259925229
"0022609","0022610",268.558110347
"0022610","0022537",824.583805511
"0022611","0022609",202.329532421
"0022611","0022612",257.976835064
"0022611","0022693",509.689763112
"0022612","0022610",202.072215044
"0022614","0022693",281.187464294
"0022614","0078342",474.842941861
"0022678","0022679",260.301557346
"0022679","0022680",260.220588541
"0022680","0022681",261.617014368
"0022681","0022689",259.785963391
"0022686","0022687",259.645576404
"0022686","0077872",32.5502465727
"0022687","0022688",280.321212924
"0022687","0077873",34.1186589179
"0022688","0022696",282.844873539
"0022688","0077874",35.5877555257
"0022689","0022690",260.891542965
"0022690","0022691",282.116833623
"0022691","0022692",279.581050602
"0022692","0022750",260.910573225
"0022693","0022694",260.356554619
"0022693","0078609",477.779292325
"0022696","0022698",260.573178552
"0022696","0078922",36.2788860681
"0063334","0020853",73.620603617
"0063335","0020854",166.760824191
"0066038","0022494",180.972465092
"0066038","0022497",162.623772088
"0069272","0020851",180.303592669
"0069275","0020847",56.3672937939
"0069275","0020849",325.26057249
"0069276","0020847",200.756321961
"0069276","0069275",220.937568182
"0075044","0022591",264.318343652
"0075045","0022590",264.413567807
"0077871","0022681",481.109084945
"0077871","0077872",262.768913439
"0077872","0022689",480.264961728
"0077872","0077873",259.51181722
"0077873","0022690",478.8493509
"0077873","0077874",280.45135809
"0077874","0022691",476.505312433
"0077874","0078922",282.821461757
"0077894","0021439",18.9438743826
"0077894","0078604",257.342128455
"0077895","0021438",19.3339709895
"0077895","0077894",256.763114982
"0077916","0022599",30.4896550684
"0077916","0077917",259.592456977
"0077917","0022606",33.0431315044
"0077917","0078810",262.865717357
"0077942","0020841",16.2273227042
"0077942","0077943",276.794780547
"0077943","0020927",17.3213026585
"0077943","0078818",278.242896272
"0077944","0020824",24.0938964853
"0077944","0077945",242.024754506
"0077945","0020833",23.2364427336
"0077945","0078460",244.734832311
"0077946","0020835",121.312118779
"0077946","0077947",246.320403626
"0077975","0022589",476.740076597
"0077975","0077976",261.641499646
"0077976","0075045",214.84369707
"0077976","0078886",260.43241799
"0078035","0022678",479.097233256
"0078035","0078036",260.130048039
"0078036","0022679",480.276371136
"0078036","0078267",260.277514676
"0078063","0020939",491.9927027
"0078063","0078064",257.747119693
"0078064","0020940",490.48818174
"0078064","0078632",256.650489282
"0078115","0022587",31.561486748
"0078115","0078116",262.048790638
"0078116","0022588",31.4349172974
"0078116","0078265",260.871663221
"0078140","0022502",30.1648940647
"0078140","0102819",56.5918215843
"0078204","0021496",490.378910086
"0078204","0103243",226.346602094
"0078265","0022596",30.2659391153
"0078265","0078266",261.072419673
"0078266","0022597",30.6131877533
"0078266","0078548",260.02361082
"0078267","0022680",480.72815272
"0078267","0077871",260.475596957
"0078289","0022493",39.900625027
"0078289","0078924",275.012783663
"0078290","0022485",31.4817851647
"0078290","0087364",43.2073826017
"0078290","0103247",26.8982399762
"0078311","0022488",474.839023795
"0078311","0087364",49.7729166342
"0078311","0103248",26.5836869411
"0078312","0022489",468.556753705
"0078312","0078622",275.187579367
"0078341","0022687",30.239413473
"0078341","0078342",280.110512143
"0078342","0022688",35.4776552154
"0078342","0078609",283.057260905
"0078376","0020836",17.8620564546
"0078376","0087307",150.294462794
"0078386","0022585",155.719891538
"0078386","0077975",260.571291481
"0078401","0022586",31.9066414088
"0078401","0078115",260.541818536
"0078460","0020834",24.5340091169
"0078460","0078376",247.076338253
"0078548","0022598",31.4472951089
"0078548","0077916",261.339800045
"0078604","0021492",17.6097133442
"0078604","0103242",227.144747392
"0078609","0022696",31.6685833995
"0078609","0087400",260.500451903
"0078622","0022498",137.245541646
"0078630","0021494",490.269065155
"0078630","0078631",256.620845246
"0078631","0021495",491.544833512
"0078631","0078204",257.696364685
"0078632","0020941",489.649747424
"0078632","0078881",258.73601146
"0078641","0078642",107.03401131
"0078642","0020843",96.2452099434
"0078642","0078815",276.077254537
"0078684","0020932",493.070767815
"0078684","0078063",257.594348162
"0078694","0020828",498.535209844
"0078694","0078695",243.722367804
"0078695","0020826",184.151135471
"0078695","0077946",244.195289153
"0078810","0022686",31.9358366028
"0078810","0078341",259.929127973
"0078815","0020931",492.704593314
"0078815","0078684",277.608849193
"0078817","0020936",17.480120522
"0078817","0078839",256.425488396
"0078818","0020935",16.29496463
"0078818","0078817",257.318343459
"0078825","0022592",479.446947913
"0078825","0078035",261.673107264
"0078839","0020937",18.5527169905
"0078839","0078841",258.33290707
"0078840","0021437",19.530746746
"0078840","0077895",258.344550402
"0078841","0020938",16.6825863317
"0078841","0078840",257.286383753
"0078853","0022515",28.6741576114
"0078853","0078401",260.092414386
"0078881","0021007",491.634031763
"0078881","0078630",257.387478465
"0078886","0075044",214.01781787
"0078886","0078825",260.082868236
"0078922","0022692",476.903441722
"0078922","0078037",260.467584378
"0078924","0022496",36.4419937695
"0084205","0022513",171.43246805
"0084205","0102821",56.9981871553
"0087307","0077942",107.891427094
"0087351","0021503",243.706901167
"0087364","0022493",226.807896185
"0099068","0020823",20.9970407087
"0099068","0077944",241.314900393
"0099069","0020827",495.804044435
"0099069","0078694",243.190041355
"0099070","0020825",500.496045136
"0099070","0099079",133.127452581
"0099071","0020822",16.8556727094
"0099071","0099076",164.828033175
"0099072","0099070",243.524488832
"0099073","0099071",242.77298608
"0099075","0099068",79.9683918213
"0099075","0099076",114.196280867
"0099076","0099068",77.5544062226
"0099076","0099078",35.9359985557
"0099078","0020823",106.712259759
"0099079","0099069",107.679568162
"0102707","0020822",240.857848018
"0102817","0078386",179.461678392
"0102819","0102817",84.6626537438
"0102821","0102822",117.059458291
"0102822","0078853",181.995561933
"0102823","0022515",182.887710425
"0102824","0102823",24.4358727864
"0103242","0021493",34.5788598741
"0103243","0021493",39.4198407438
"0103244","0021493",29.6128471476
"0103245","0078325",244.489665863
"0103246","0078435",247.571675114
"0103247","0078289",229.863442372
"0103248","0078312",231.264441538
